{
  "interactionModel": {
    "languageModel": {
      "invocationName": "drive in",
      "intents": [
        {
          "name": "AMAZON.CancelIntent",
          "samples": []
        },
        {
          "name": "AMAZON.HelpIntent",
          "samples": []
        },
        {
          "name": "AMAZON.StopIntent",
          "samples": []
        },
        {
          "name": "HelloWorldIntent",
          "slots": [],
          "samples": [
            "hello",
            "how are you",
            "say hi world",
            "say hi",
            "hi",
            "say hello world",
            "say hello"
          ]
        },
        {
          "name": "AMAZON.NavigateHomeIntent",
          "samples": []
        },
        {
          "name": "pentafest",
          "slots": [],
          "samples": [
            "start penta fest"
          ]
        },
        {
          "name": "chiefguest",
          "slots": [],
          "samples": [
            "invite chief guest"
          ]
        },
        {
          "name": "NationalAnthem",
          "slots": [],
          "samples": [
            "natioal anthem"
          ]
        }
      ],
      "types": []
    }
  },
  "version": "7"
}