[
  {
    "id": "60b119ed-5fdd-4dd7-be61-cb5c427ceb07",
    "data": [
      {
        "text": "Chief Guest",
        "meta": "@Chief_guest",
        "alias": "chief_guest",
        "userDefined": false
      },
      {
        "text": " Introduction Mr ",
        "userDefined": false
      },
      {
        "text": "Manoj Prasad",
        "meta": "@sys.person",
        "alias": "person",
        "userDefined": false
      },
      {
        "text": ", CEO, ",
        "userDefined": false
      },
      {
        "text": "Red",
        "meta": "@sys.color",
        "alias": "color",
        "userDefined": false
      },
      {
        "text": " Ant Media LLP",
        "userDefined": false
      }
    ],
    "isTemplate": false,
    "count": 0,
    "lang": "en",
    "updated": 0
  }
]