[
  {
    "id": "61de4f9e-2a8f-42d1-92cc-177725570e39",
    "data": [
      {
        "text": "light",
        "userDefined": false
      }
    ],
    "isTemplate": false,
    "count": 0,
    "lang": "en",
    "updated": 0
  },
  {
    "id": "37f3632a-401a-4819-8260-3a64acac3ff5",
    "data": [
      {
        "text": "lamp",
        "userDefined": false
      }
    ],
    "isTemplate": false,
    "count": 0,
    "lang": "en",
    "updated": 0
  },
  {
    "id": "2a74ccdd-7c36-4055-84be-a29ceb44d81a",
    "data": [
      {
        "text": "lighting the lamp\\",
        "userDefined": false
      }
    ],
    "isTemplate": false,
    "count": 0,
    "lang": "en",
    "updated": 0
  }
]