[
  {
    "id": "4887a44c-330d-49a4-a8d1-c3c83cf50811",
    "data": [
      {
        "text": "welcome",
        "userDefined": false
      }
    ],
    "isTemplate": false,
    "count": 0,
    "lang": "en",
    "updated": 0
  },
  {
    "id": "bf55767d-a06b-4941-860b-9790cc87b066",
    "data": [
      {
        "text": "address",
        "userDefined": false
      }
    ],
    "isTemplate": false,
    "count": 0,
    "lang": "en",
    "updated": 0
  },
  {
    "id": "6d318687-1cdd-4e4f-9203-ecfed4edc841",
    "data": [
      {
        "text": "welcome address",
        "userDefined": false
      }
    ],
    "isTemplate": false,
    "count": 0,
    "lang": "en",
    "updated": 0
  }
]